06/16/2015 16:45:35,3,test
06/16/2015 16:45:35,3,test
06/16/2015 16:45:35,3,test
06/16/2015 16:45:35,3,test
06/16/2015 16:45:35,3,test
06/16/2015 16:45:35,3,test
06/16/2015 16:45:35,3,test
06/16/2015 16:45:35,3,test
06/16/2015 16:45:35,3,test
06/16/2015 16:45:35,3,test
06/16/2015 16:45:35,3,test
06/16/2015 16:45:35,3,test
06/16/2015 16:45:35,3,test
06/16/2015 16:45:35,3,test
06/16/2015 16:45:35,3,test
06/16/2015 16:45:35,1,test
06/16/2015 16:45:35,2,test
06/16/2015 16:45:35,1,test
06/16/2015 16:45:35,3,test
06/16/2015 16:45:35,3,test
06/16/2015 16:45:35,3,test
06/16/2015 16:45:35,3,test
06/16/2015 16:45:35,3,test
06/16/2015 16:45:35,3,test
06/16/2015 16:45:35,3,test
06/16/2015 16:45:35,3,test
06/16/2015 16:45:35,3,test
06/16/2015 16:45:35,3,test
06/16/2015 16:45:35,3,test
06/16/2015 16:45:35,3,test
06/16/2015 16:45:35,3,test
06/16/2015 16:45:35,3,test
06/16/2015 16:45:35,3,test
06/16/2015 16:45:35,1,test
06/16/2015 16:45:35,2,test
06/16/2015 16:45:35,1,test
06/16/2015 16:45:35,1,test
06/16/2015 16:45:35,1,test
06/16/2015 16:45:35,1,test
06/16/2015 16:45:35,1,test
06/16/2015 16:45:35,1,test
06/16/2015 16:45:35,2,test
06/16/2015 16:45:35,3,test
06/16/2015 16:45:35,1,test
